AGE_GROUP,DEATH_COUNT,HOSPITALIZED_COUNT,CASE_COUNT,DEATH_RATE,CASE_RATE,DEATH_CASE_RATE,TEST_RATE,POS_RATE,HOSPITALIZED_RATE
0-17,20,1110,47242,1.17,2770.79,42.22622429,13911.2,4034.248,65.14
18-24,36,1760,46079,5.11,6539.08,78.14554953,27679.449,7528.810128,249.76
25-34,208,5190,98550,14.02,6642.18,211.0752795,33398.014,7514.55315,349.8
35-44,558,6592,84501,49.08,7432.54,660.339534,38126.899,9417.344053,579.82
45-54,1423,9954,83191,138.41,8091.82,1710.492819,40905.293,11126.2397,968.21
55-64,3427,16086,81147,343.07,8123.42,4223.221254,42318.207,11129.68844,1610.33
65-74,5503,17685,51700,765.59,7192.59,10644.14905,39710.349,8974.538874,2460.37
75+,11316,22840,42637,2014.92,7591.92,26540.32182,29829.775,5936.125225,4066.88
